gene,0,4,8
AI504432,1033.857142857143,1104.5,1014
AW046200,155.28571428571428,152.375,81
AW551984,238,302.25,342.2857142857143
Aamp,4602.571428571428,4870,4762.571428571428
Abca12,5.285714285714286,4.25,4.142857142857143
Abcc8,2576.4285714285716,2608.625,2291.5714285714284
Abhd14a,591.4285714285714,546.75,432.42857142857144
Abi2,4880.571428571428,4902.875,4945.285714285715
Abi3bp,1174.5714285714287,1060.625,762.2857142857143
Abl2,2170.1428571428573,2077.875,2131.285714285714
Acadl,2059.4285714285716,2099,1994.857142857143
Acap3,3745,3445.5,3430.714285714286
Acbd4,1218.7142857142858,1410.125,1667.7142857142858
Acbd6,856,918.375,908.7142857142857
Acer2,338.85714285714283,501,718.7142857142857
Ackr3,304.42857142857144,269.375,289.57142857142856
Acmsd,1.4285714285714286,2,2.4285714285714284
Acot3,12.142857142857142,15.125,17.285714285714285
Acr,34,54.25,160.28571428571428
Acrbp,420.57142857142856,397,218.57142857142858
Acsl5,531,577.125,609.5714285714286
Acta2,284.42857142857144,246.5,243
Actg1,7972.857142857143,7316.375,6305.571428571428
Actr3,6401.571428571428,6547.75,6299.714285714285
Adam17,1259.4285714285713,1066.25,859.2857142857143
Adam1a,695.2857142857143,631.125,388.2857142857143
Adam23,7485.571428571428,7986.375,7690.142857142857
Adamts19,10.857142857142858,11,12.285714285714286
Adat1,294.42857142857144,272.75,189.14285714285714
Agpat1,2724.1428571428573,2668.875,1988.2857142857142
Agpat5,4003.4285714285716,3711.5,2886.285714285714
Agt,3260.5714285714284,4313,6222.571428571428
Aim2,139.28571428571428,157.875,248.85714285714286
Aipl1,12.428571428571429,16.5,94.85714285714286
Ak4,5514.857142857143,4919.375,3576.1428571428573
Ak6,361.2857142857143,341,226.71428571428572
Akap5,262.85714285714283,236.875,234.57142857142858
Aldh18a1,979,925.375,692.5714285714286
Aldh3a2,2965,3108.75,2832.285714285714
Aldh6a1,3650.4285714285716,4016.25,5351.285714285715
Aldh9a1,1655.2857142857142,1667.125,1631.4285714285713
Alg14,836,741.25,611.4285714285714
Alk,44.57142857142857,53.125,52.42857142857143
Alkbh3,444.42857142857144,495.375,660.1428571428571
Alox8,119.71428571428571,135.5,126.28571428571429
Aloxe3,354,422.25,649.5714285714286
Amer3,2171.4285714285716,2228.25,2175.714285714286
Amigo2,811,920,1117.142857142857
Amn,18,20.25,24.428571428571427
Amt,1167.7142857142858,1074.375,730.4285714285714
Amy1,786.4285714285714,928.5,1302.7142857142858
Amz2,1801.2857142857142,1748.25,1445.857142857143
Angptl1,16,11.875,20.142857142857142
Ankmy1,19,21.25,24
Ankrd29,1218.2857142857142,1225,923.4285714285714
Ankrd39,391.14285714285717,454.5,615.7142857142857
Ankrd44,759.2857142857143,739.625,710.4285714285714
Ankrd6,492.2857142857143,533,570
Anks1,2579.1428571428573,2288.375,1933
Ankzf1,1109.2857142857142,1162.5,1083.857142857143
Anxa3,425.7142857142857,451.5,611.8571428571429
Aox2,1.8571428571428572,1.75,3.7142857142857144
Aox4,4.571428571428571,4.875,6.285714285714286
Ap1m1,1984.5714285714287,2081.875,1901.4285714285713
Apoc1,61.857142857142854,69.125,165.57142857142858
Apod,11575.42857142857,14506.5,31458.14285714286
Aqp4,21928,18114,13762
Arap3,280.85714285714283,252.125,277.14285714285717
Arc,706,787.375,624
Arfgap2,3414.285714285714,3592.75,3894.8571428571427
Arfgef1,5973.571428571428,5945.25,5819.857142857143
Arhgap10,739.5714285714286,689.375,717.8571428571429
Arhgef37,758.4285714285714,715.875,855.5714285714286
Arid5b,2407,2147.375,1869.2857142857142
Armc9,743.2857142857143,728.125,744.4285714285714
Armcx5,545.7142857142857,659.375,1070.2857142857142
Arpc2,4190.285714285715,4227,4144.428571428572
Arpc5,2326.1428571428573,2225.5,2242.8571428571427
Arrdc2,766.1428571428571,746.75,1279.7142857142858
Ascl1,79.28571428571429,89.375,126.14285714285714
Ascl5,0.5714285714285714,1,1.1428571428571428
Asic3,41.57142857142857,48.75,87.42857142857143
Asic4,83.71428571428571,81.5,107.71428571428571
Asl,469.2857142857143,648.5,1013.7142857142857
Asnsd1,734.2857142857143,767.125,775.4285714285714
Ass1,400,473.5,666.1428571428571
Atat1,1245.7142857142858,1098.875,941.4285714285714
Atg10,281,305.25,288.14285714285717
Atg16l1,2058.5714285714284,2095.5,2214.285714285714
Atg16l2,1045.7142857142858,1039.5,798.5714285714286
Atg9b,42,65,70
Atic,997.1428571428571,1001,958.1428571428571
Atp1b1,57350.71428571428,60364.25,59229
Atp6v1h,4717.714285714285,4965.875,4705
Avil,75,63.5,28.857142857142858
B3galt2,932.1428571428571,890.625,973.5714285714286
B3gnt7,14.285714285714286,14.375,13.857142857142858
BC055324,111.42857142857143,124,109.57142857142857
BC055402,3.7142857142857144,4.125,2.857142857142857
Bard1,19.428571428571427,16.625,15.714285714285714
Basp1,1089.5714285714287,1165.625,1318.2857142857142
Bbs1,1518.5714285714287,1491.875,1201.7142857142858
Bcas1,7185.857142857143,5829,4218.285714285715
Bche,464.2857142857143,370.625,289.57142857142856
Bcl11a,566,595.125,506.14285714285717
Bcl2,774,840.75,796
Bcs1l,474.7142857142857,448.375,305
Begain,811.5714285714286,916.5,1130.857142857143
Bend6,9147.57142857143,9463.875,8958
Best1,24.571428571428573,30.375,44.714285714285715
Bfsp2,160.14285714285714,111.875,50.714285714285715
Bivm,1040.5714285714287,1078.75,1013
Bmp2,57.857142857142854,51.875,49.285714285714285
Boc,3793.5714285714284,3897.5,3827
Boll,6.714285714285714,5.875,7.285714285714286
Brinp2,1158,1127.625,1110
Brinp3,843.8571428571429,883.75,838.7142857142857
Brsk2,6187.428571428572,6587.5,7838.714285714285
Bst1,8.428571428571429,14.625,38.142857142857146
Btf3l4,1864.2857142857142,1998.5,2469
Bves,11.857142857142858,15.625,11.571428571428571
Bzw1,8944.57142857143,8673.625,8739.142857142857
C1qtnf2,41.714285714285715,35.125,49.142857142857146
C2cd2,940.4285714285714,885.5,707.5714285714286
C3,43.857142857142854,52,72.42857142857143
C4b,596.8571428571429,765.625,1047.7142857142858
C4bp-ps1,12.285714285714286,11.5,10
C77080,1155.7142857142858,1337.5,1819.4285714285713
Cab39,8665.57142857143,8998.375,8891.857142857143
Cacna1e,11079.857142857143,8697.625,5118.142857142857
Cacna1s,41,39.375,34.142857142857146
Cacnb1,780,816.75,836
Calr,12784.285714285714,12408.5,7471.571428571428
Camkk1,2498.714285714286,2748.625,3313.4285714285716
Camkk2,12300.42857142857,11338.5,8752.857142857143
Camsap2,8201.857142857143,8334.875,8144.285714285715
Capg,80.42857142857143,101.25,156.85714285714286
Capn10,1085.142857142857,1078.625,1046.2857142857142
Car14,824.5714285714286,849,1420.142857142857
Car15,757.5714285714286,726.625,420
Car4,5808.428571428572,5588.375,3083.4285714285716
Cartpt,13.428571428571429,24.75,45.142857142857146
Casp1,80.85714285714286,96.5,79.28571428571429
Casp12,280.7142857142857,289.625,320.2857142857143
Casp8,93.71428571428571,85.125,86.14285714285714
Cat,2335.8571428571427,2138.125,1763.7142857142858
Catip,87.14285714285714,74.125,89.85714285714286
Ccdc136,3580.285714285714,3893,5354.571428571428
Ccdc149,977.8571428571429,1082.875,1347.857142857143
Ccdc160,48.57142857142857,49.625,57.42857142857143
Ccdc167,1365.142857142857,1304.125,994
Ccdc28a,434.7142857142857,495.625,423.85714285714283
Ccdc28b,1750.142857142857,1690.625,2008
Ccdc81,54.714285714285715,66.125,59.57142857142857
Ccdc93,1435.5714285714287,1399.5,1335.2857142857142
Ccl27a,1999.2857142857142,1982.125,1392.142857142857
Ccm2l,160.42857142857142,158.625,159.42857142857142
Ccnl2,9281.57142857143,8938.75,7812.571428571428
Ccnyl1,528,503.875,513.1428571428571
Cd180,37.57142857142857,42.125,37.57142857142857
Cd28,59.42857142857143,72.375,65.28571428571429
Cd55,276.7142857142857,251,238
Cd70,49.42857142857143,34.375,14.857142857142858
Cd99l2,3448.8571428571427,3610.375,2747.714285714286
Cdc73,958.5714285714286,957.375,886.1428571428571
Cdh19,650.8571428571429,718.875,638.2857142857143
Cdh20,1025.4285714285713,1045.125,955.2857142857143
Cdh4,785.7142857142857,700.125,576
Cdh7,1981.2857142857142,2079.5,1803.5714285714287
Cdk15,8.428571428571429,6.875,8.571428571428571
Cdk18,623.1428571428571,619.25,609.2857142857143
Cdyl,539.7142857142857,500.625,546.1428571428571
Celf3,1829.857142857143,1807.75,1631.7142857142858
Cenpl,106.57142857142857,110.5,100.28571428571429
Cep131,773.5714285714286,889.75,1243.7142857142858
Cep350,3797.5714285714284,3715.375,3472.714285714286
Cfap221,11.571428571428571,10.25,8.142857142857142
Cfap57,31.857142857142858,30.375,22.714285714285715
Cfc1,3.4285714285714284,4.875,3
Cfhr2,2.4285714285714284,1.75,1.2857142857142858
Cflar,1313.7142857142858,1266.25,1306.5714285714287
Cfp,906.1428571428571,872.25,521.2857142857143
Chil3,18.285714285714285,40.125,116.57142857142857
Chpf,2209.714285714286,2267.25,2154.714285714286
Chrac1,351,409.375,513.2857142857143
Chrm3,112.28571428571429,117.625,126.85714285714286
Cirbp,2210.714285714286,3056.625,6157
Ciz1,1562.5714285714287,1616,1497.5714285714287
Clasp1,3484.4285714285716,3538.625,3530.1428571428573
Clic4,8235.714285714286,6936.5,4903.428571428572
Clip4,1305.2857142857142,1467.875,1790.857142857143
Clk1,8285.285714285714,8551.375,8440.57142857143
Clpx,1898.857142857143,2008.25,2159.8571428571427
Clvs2,310.42857142857144,345.875,342.85714285714283
Cmpk2,566.8571428571429,677.125,745.1428571428571
Cmtm5,2187.8571428571427,1871.5,1144.5714285714287
Cnga3,2.2857142857142856,1.75,2.5714285714285716
Cngb1,18.571428571428573,19.375,22.142857142857142
Cnksr3,3021.714285714286,2843.25,2908.4285714285716
Cnnm3,2204.285714285714,2347.625,2990.285714285714
Cnnm4,1200.142857142857,1104.5,1149.4285714285713
Cnot11,1374.4285714285713,1414.125,1453
Cnp,17341.571428571428,14501.375,11766.857142857143
Cnpy4,558,559.75,403.85714285714283
Cntnap5a,588.8571428571429,594.125,544.7142857142857
Cntnap5b,1015.4285714285714,1050.75,1073
Cog1,2124.4285714285716,2088.375,1779
Col11a2,636.7142857142857,531.75,355.85714285714283
Col19a1,1179.857142857143,1173.75,1215.857142857143
Col25a1,239.71428571428572,301.5,336
Col27a1,1038,991.625,520.1428571428571
Col4a3,94.85714285714286,82.25,96.57142857142857
Col4a4,102.28571428571429,92.125,115.71428571428571
Col4a5,466.85714285714283,406.625,357.57142857142856
Col5a3,288.42857142857144,347.375,588.8571428571429
Col6a1,614.2857142857143,494.75,662.4285714285714
Col6a2,526.8571428571429,365.375,471.42857142857144
Col6a3,105,84.25,100
Colgalt2,135,139.375,135.14285714285714
Colq,176,159.875,97.42857142857143
Coq4,341.7142857142857,321.75,247.28571428571428
Cotl1,3090.4285714285716,3368.5,4461.571428571428
Cox5b,5574.428571428572,5555.125,5529.714285714285
Cox7b2,29.571428571428573,33.875,27.571428571428573
Cp,1341.7142857142858,1522.125,2107
Cpa6,1.8571428571428572,2.5,1.8571428571428572
Cpsf4l,98.85714285714286,71.75,21.571428571428573
Crb1,15.857142857142858,15.375,12.571428571428571
Creg2,369.14285714285717,481.875,511.85714285714283
Crhr1,3114.5714285714284,2956.75,2409.4285714285716
Crip3,41.714285714285715,39.125,13
Cryab,3552.5714285714284,3118,1954.2857142857142
Cryga,0.8571428571428571,1,1.7142857142857142
Csf2ra,552.8571428571429,515.875,316.85714285714283
Csrnp3,1707.142857142857,1719.25,1789
Csrp1,9517.42857142857,9904.125,9133.42857142857
Ctns,1231,1172.25,1050.4285714285713
Ctxn1,224.14285714285714,200,229.71428571428572
Ctxn2,117.28571428571429,147,136.28571428571428
Cul3,8057.142857142857,8218.75,8471.42857142857
Cx3cl1,2632.8571428571427,2628,2376.4285714285716
Cxcr2,3.2857142857142856,5.625,5.142857142857143
Cyhr1,6255.285714285715,6028.125,5295.428571428572
Cyp2d22,1880.142857142857,2349.125,3523.5714285714284
Cyp2j12,153.85714285714286,116.125,92.71428571428571
Cyp3a13,78.57142857142857,105.125,191.71428571428572
Cyp4f15,125,185.625,265.14285714285717
Cyp4v3,627.8571428571429,719.875,870.1428571428571
Cyp51,2741.714285714286,2081.875,1533.7142857142858
D11Wsu47e,244.14285714285714,218.375,198.14285714285714
D2hgdh,434.2857142857143,463.875,409.7142857142857
Dach2,108.28571428571429,83.5,79.28571428571429
Dact2,154.57142857142858,189.875,204.85714285714286
Dars2,710.1428571428571,704.375,676.7142857142857
Daw1,36.57142857142857,30.75,27.571428571428573
Dbpht2,86.14285714285714,89.625,68
Dcaf12,2873,2613.25,2155.5714285714284
Dcaf12l2,12.285714285714286,12.625,12.714285714285714
Dcaf8,7213.857142857143,7834.875,8288.57142857143
Dcakd,1190.5714285714287,1069,820
Dcdc2b,350.14285714285717,336.5,204.42857142857142
Dclk1,18906.571428571428,17062.5,12935.714285714286
Dcst2,16.571428571428573,19.25,46.285714285714285
Ddah1,4525,4265.125,3685.1428571428573
Ddx18,866.4285714285714,869,825.7142857142857
Ddx25,1290,1441,1739.142857142857
Ddx39b,5455.285714285715,5394.875,5701.142857142857
Ddx3x,21087.571428571428,21908.625,24547.285714285714
Ddx3y,1954.5714285714287,2207.25,1995.5714285714287
Deaf1,2032,2198,3000.5714285714284
Dennd1b,962.5714285714286,1001.875,1041.7142857142858
Des,66,76.5,64.14285714285714
Desi1,6355,5762.875,4535
Dffb,373.42857142857144,425.5,463.7142857142857
Dgkb,1276.857142857143,1369.125,1101.4285714285713
Dgkd,10472.57142857143,10153.625,9894.857142857143
Dgkk,59.42857142857143,79.5,76.42857142857143
Dhfr,336.85714285714283,347,350
Dhrs11,481.7142857142857,459.125,477.7142857142857
Dhx9,6575.142857142857,6870.25,6612.714285714285
Dis3l2,877.4285714285714,874.75,895.4285714285714
Dleu2,472.57142857142856,440.375,231.85714285714286
Dnah1,90.85714285714286,87.25,105
Dnah7a,16,15.75,15.571428571428571
Dnah7b,770.4285714285714,752.625,677.8571428571429
Dnajb3,31.285714285714285,28.875,31.571428571428573
Dnase1l2,482.85714285714283,394.75,156.85714285714286
Dnd1,79,75.5,35.57142857142857
Dnm3,10851.142857142857,11806.125,10379.714285714286
Dnm3os,8.857142857142858,5.75,8.571428571428571
Doc2a,89.28571428571429,101.75,139
Dok3,169,156.5,61
Dot1l,6671.142857142857,6623.875,6604.714285714285
Dpf2,3030.1428571428573,2992.625,2674.1428571428573
Dpt,3.5714285714285716,2.75,5.285714285714286
Dpy19l1,2517.1428571428573,2309,1725.142857142857
Drd1,16.285714285714285,17.375,20.714285714285715
Drd4,17.142857142857142,24.25,35.57142857142857
Dsc3,9.428571428571429,10.625,11.714285714285714
Dsel,371.57142857142856,356.125,335.14285714285717
Dtd2,249.71428571428572,259.125,309.85714285714283
Dtx4,1028.7142857142858,1047.875,972.1428571428571
Dusp11,8693.142857142857,8190.5,6449
Dusp19,332.42857142857144,300,186.28571428571428
Dusp27,13,14.125,14.142857142857142
Dynll1,2834.714285714286,2520.375,1728
Dynlt1a,558.8571428571429,522,337.2857142857143
Dyrk3,160,167.125,166.14285714285714
Dytn,2.2857142857142856,2.875,2
Dzank1,7515.714285714285,8278.125,9024.714285714286
E2f6,1948.142857142857,1853,1552.142857142857
E4f1,1231.5714285714287,1224.25,1153.142857142857
Ebp,1172,1087.125,723.1428571428571
Ecel1,44.142857142857146,60.625,47.285714285714285
Echdc1,1530.142857142857,1453,1051.857142857143
Edem3,3841.4285714285716,3914.25,3749.8571428571427
Edn3,341.14285714285717,278.125,195
Ednrb,6617.571428571428,5547.25,4429.428571428572
Eef1b2,3706.4285714285716,3858.25,3826.285714285714
Efhd1,1711,1555.625,1318.142857142857
Egfl6,12.857142857142858,16.375,11.857142857142858
Egfl8,144.28571428571428,124.25,74.14285714285714
Eid2b,740,839.125,1040.2857142857142
Eif2b3,538.1428571428571,563.25,679.2857142857143
Eif2s3x,1956,2022.125,2141.4285714285716
Eif2s3y,1132.857142857143,1488.25,1536.857142857143
Eif4b,8178.428571428572,9278.875,10915.857142857143
Eif5b,4962.714285714285,5258,5209.714285714285
Elfn1,93.14285714285714,101.5,101.57142857142857
Elfn2,976,1046.5,1031.142857142857
Elovl1,800.7142857142857,698,574.2857142857143
Elovl5,4758.571428571428,4435.75,3476.4285714285716
Emc8,3116.1428571428573,3205.125,3731.4285714285716
Emid1,484.57142857142856,367.625,240.57142857142858
Eml1,2906.5714285714284,2632.875,2209.5714285714284
Eml2,2925.8571428571427,3369.25,4551.571428571428
Eml3,1054.5714285714287,1177.375,1723.857142857143
Emp2,1507,1183.625,861.7142857142857
Emx2,5.857142857142857,5.375,12.142857142857142
En1,225.28571428571428,175.375,200.42857142857142
Enpp1,652.5714285714286,511,378.85714285714283
Enpp6,762.4285714285714,493.875,322.14285714285717
Eny2,2632.285714285714,2833,3484.5714285714284
Epc1,2888.8571428571427,2857.625,2875.285714285714
Epha4,1056.2857142857142,1214.375,1052.5714285714287
Eps15,14473.42857142857,13441.75,10924.142857142857
Eps8l1,331.42857142857144,321,299
Erdr1,377.42857142857144,653.125,470.85714285714283
Erich3,689.1428571428571,839.125,743.2857142857143
Ermn,4389.142857142857,3997,2321.1428571428573
Erp44,1922.7142857142858,1812.875,1486.7142857142858
Errfi1,2278.285714285714,2173.5,2358.1428571428573
Etnppl,4516.714285714285,6702.875,8208.142857142857
Etv4,472.57142857142856,360.375,210.71428571428572
Evpl,37.857142857142854,61.5,60.285714285714285
Exd2,2579.5714285714284,2521.125,1541.142857142857
Eya1,336.7142857142857,322.75,352.14285714285717
F3,2508.714285714286,2364.125,3034.5714285714284
F5,861,861,1013.4285714285714
Fa2h,1979.142857142857,1577.875,1094.4285714285713
Fabp7,823,460.375,179.42857142857142
Fads1,8287.142857142857,7433.625,5718.285714285715
Fam117b,4124,4221.375,4295.857142857143
Fam124b,1.5714285714285714,4.125,3
Fam131a,3686.1428571428573,3429.125,3233.8571428571427
Fam131b,8091,8828.75,10757
Fam135a,3242,3176.25,3427.4285714285716
Fam163a,63.142857142857146,76,62.142857142857146
Fam168b,12374.285714285714,12555.625,12023.42857142857
Fam174a,1586.857142857143,1640.875,1627.7142857142858
Fam193b,3012.285714285714,2913.75,2096.5714285714284
Fam20b,3338.285714285714,3491,3385.5714285714284
Fam43b,204.71428571428572,223.75,214
Fam53b,2585.5714285714284,2421.5,2336.8571428571427
Fam78b,1920.2857142857142,1755.25,1454.857142857143
Farp2,327.85714285714283,339.125,329.7142857142857
Fasl,12.714285714285714,12.5,10.714285714285714
Fbll1,307.42857142857144,338.875,302.14285714285717
Fbln5,453.7142857142857,554.375,1541
Fbxl22,294.2857142857143,177.375,41
Fbxo31,2502.285714285714,2652,3433.5714285714284
Fbxo36,113,111.25,120.42857142857143
Fcamr,1.1428571428571428,1.75,2
Fcrls,274,211.25,70.85714285714286
Fen1,597.1428571428571,685.625,814.5714285714286
Fer1l5,3.2857142857142856,2.375,2.142857142857143
Fev,3.5714285714285716,9.25,8
Fgf22,60,78.25,121.71428571428571
Fgfbp1,59,62.75,163.71428571428572
Fgfr1,6690,6805.875,6957.571428571428
Fgfr3,3847.8571428571427,4445.625,5170.142857142857
Fhl2,121.57142857142857,102.625,141
Fibcd1,55.285714285714285,57.125,73.42857142857143
Fkbp1b,280.14285714285717,284.875,261.7142857142857
Flywch1,11156.857142857143,12552.875,13804.285714285714
Fmnl3,371.7142857142857,398.375,507.2857142857143
Fmo2,353.85714285714283,386.125,456.42857142857144
Fn1,3607.5714285714284,3248.375,3236.285714285714
Fn3k,1094,1116.75,804.8571428571429
Folh1,572.4285714285714,804.875,934.5714285714286
Foxj2,2546.714285714286,2463,2389.1428571428573
Foxl2os,43.42857142857143,38.75,37.285714285714285
Fzd4,1154.7142857142858,1010.75,1079.857142857143
Fzd7,2251.5714285714284,2482.125,2360.285714285714
Gaa,6369,6959.125,7157.857142857143
Gabpb1,1144.2857142857142,1181.25,1272.857142857143
Gabra3,808.2857142857143,906.25,980.1428571428571
Gabrd,5988.428571428572,6156.375,5758.714285714285
Gabrr1,5.857142857142857,8.375,16.714285714285715
Gabrr2,61,83.375,139
Gak,4325.714285714285,4290.25,4634.428571428572
Gal3st1,335.14285714285717,255.5,170
Galnt7,2215.8571428571427,2254,2178.4285714285716
Gata3,19.428571428571427,22.625,36.857142857142854
Gatm,4660.857142857143,4378.875,3079.714285714286
Gbp4,107.71428571428571,135.25,571.7142857142857
Gbp6,170.14285714285714,256,327.57142857142856
Gbx2,2.5714285714285716,5.875,3.5714285714285716
Gdap1,5806.571428571428,6066.5,5590.428571428572
Get4,1190.5714285714287,1280.5,1570.4285714285713
Ggact,1217.4285714285713,1414.125,1758.2857142857142
Ggcx,975.1428571428571,892.125,694.5714285714286
Gin1,404.7142857142857,437.5,428.2857142857143
Gipr,33.857142857142854,41.5,87.42857142857143
Gja5,31.428571428571427,24.875,14.714285714285714
Gjb1,759.2857142857143,677,452.57142857142856
Gjc2,638.1428571428571,480,224
Gkn3,120.57142857142857,73,20.428571428571427
Glb1l,390.42857142857144,379.25,397.2857142857143
Glra2,198.71428571428572,208.125,237.28571428571428
Glra3,141.85714285714286,175.375,187.57142857142858
Glrp1,1.8571428571428572,0.875,1
Glrx2,2111,2097.75,2036
Gls,14296.285714285714,14806.375,13918
Glt8d1,1417.857142857143,1382.375,1021.5714285714286
Gltp,1830.4285714285713,1531.875,1171.2857142857142
Glul,48123.28571428572,55357.5,73947.85714285714
Glyr1,7689.857142857143,8140.375,8868.142857142857
Gm10193,1.4285714285714286,2,1.1428571428571428
Gm10432,111.42857142857143,138.5,148
Gm10566,2.2857142857142856,1.125,2.857142857142857
Gm10654,146.42857142857142,167.625,409
Gm11581,1.5714285714285714,1.125,2
Gm11605,5.857142857142857,5.375,4.142857142857143
Gm11627,8.428571428571429,7.625,11.428571428571429
Gm13562,40,28.25,11
Gm13748,5.857142857142857,6.5,5.714285714285714
Gm14827,370,365.625,201.42857142857142
Gm15423,69.71428571428571,89.75,135.85714285714286
Gm15433,0.7142857142857143,0.75,1.5714285714285714
Gm15455,7,7.25,7.142857142857143
Gm15793,2,2.375,2
Gm15825,2.5714285714285716,1.875,3.142857142857143
Gm15850,1.7142857142857142,1.375,0.8571428571428571
Gm16070,3.857142857142857,3.375,6.714285714285714
Gm16083,17.142857142857142,19.125,14.857142857142858
Gm16103,0.8571428571428571,0.875,1.5714285714285714
Gm16150,19.142857142857142,17.75,25
Gm16152,4.571428571428571,3.75,2.7142857142857144
Gm16418,9.857142857142858,10,7.285714285714286
Gm16425,11.571428571428571,9.125,8.857142857142858
Gm16701,172.14285714285714,169.125,162.57142857142858
Gm16835,169.71428571428572,191.25,291.85714285714283
Gm16894,19.857142857142858,16.5,20.142857142857142
Gm17767,1.8571428571428572,1.5,2.2857142857142856
Gm19582,68.85714285714286,69.125,66.28571428571429
Gm19637,0.7142857142857143,0.625,1.4285714285714286
Gm19705,27,36.75,31.428571428571427
Gm1976,368.2857142857143,387.625,514.5714285714286
Gm2000,15.571428571428571,16.5,17.428571428571427
Gm20172,2.2857142857142856,2.75,2
Gm20501,109.71428571428571,137.75,209.14285714285714
Gm20627,39.714285714285715,37.125,11.428571428571429
Gm20743,213.28571428571428,212.125,202.42857142857142
Gm20751,82.42857142857143,102,230.14285714285714
Gm20753,3.2857142857142856,6.25,4.714285714285714
Gm2147,1.5714285714285714,1.125,1
Gm2223,18.571428571428573,20.875,23.428571428571427
Gm26685,2.142857142857143,1.125,1.1428571428571428
Gm26901,3.142857142857143,3,2.857142857142857
Gm27252,57.857142857142854,78.125,150.14285714285714
Gm28154,15.285714285714286,18.5,17.285714285714285
Gm28175,16.428571428571427,18.375,18.857142857142858
Gm28178,0.5714285714285714,1.125,1.2857142857142858
Gm28209,1.8571428571428572,2,1.8571428571428572
Gm2824,48.285714285714285,50.625,61
Gm28609,5.142857142857143,5.25,4.571428571428571
Gm28800,1.8571428571428572,2.125,3.5714285714285716
Gm29183,2.5714285714285716,3.375,4.571428571428571
Gm29214,7.142857142857143,5.375,4.571428571428571
Gm29257,3.4285714285714284,3.5,4.142857142857143
Gm29428,0.7142857142857143,1.375,0.7142857142857143
Gm29485,2,2.375,1.7142857142857142
Gm29538,8,7.75,6.571428571428571
Gm29539,1,1.375,2
Gm29695,175.28571428571428,153.75,154.71428571428572
Gm29797,96.71428571428571,94.375,24.285714285714285
Gm31135,85.85714285714286,52.125,24.285714285714285
Gm31256,1.5714285714285714,1.25,1.1428571428571428
Gm32999,1.5714285714285714,1.875,1.7142857142857142
Gm33222,7,9.25,9.428571428571429
Gm33489,195.57142857142858,183.125,74.71428571428571
Gm33533,15.285714285714286,16.25,18.285714285714285
Gm35315,51.42857142857143,62.875,80.14285714285714
Gm35339,394.57142857142856,404,251
Gm3551,1,1,0.8571428571428571
Gm36527,2.4285714285714284,2.375,1.8571428571428572
Gm3764,4120.428571428572,4328.75,4789.285714285715
Gm4017,18.285714285714285,19.25,15.428571428571429
Gm4208,1,1.375,1.2857142857142858
Gm4852,4.571428571428571,7.375,5.428571428571429
Gm4953,2.4285714285714284,2.75,3.7142857142857144
Gm4988,110.85714285714286,133.125,154.42857142857142
Gm5256,2.142857142857143,1.375,1.7142857142857142
Gm5415,1.8571428571428572,0.375,1.4285714285714286
Gm5468,4.142857142857143,6.25,9.142857142857142
Gm5523,1.8571428571428572,1.25,1.1428571428571428
Gm5525,21.428571428571427,22.25,20
Gm5526,19.571428571428573,17,15.428571428571429
Gm5529,21.714285714285715,18.375,19.428571428571427
Gm5532,4.571428571428571,5.125,4.714285714285714
Gm5830,12.714285714285714,11.125,12.714285714285714
Gm5835,33.285714285714285,34,34.285714285714285
Gm5837,5.285714285714286,5.75,5.428571428571429
Gm6028,2.2857142857142856,2.625,1.5714285714285714
Gm6104,1.8571428571428572,1.375,2.4285714285714284
Gm6136,19.571428571428573,21.25,22.571428571428573
Gm6170,27.428571428571427,31,24.714285714285715
Gm6177,1,0.625,1.2857142857142858
Gm6187,1.2857142857142858,1.75,2.142857142857143
Gm6277,211.14285714285714,173.75,105.85714285714286
Gm6430,2.7142857142857144,4.375,3.857142857142857
Gm6644,1.2857142857142858,1.75,1
Gm6822,11.428571428571429,9.75,9.714285714285714
Gm7160,17,15.125,17.142857142857142
Gm7241,1.7142857142857142,0.625,0.7142857142857143
Gm7266,3.142857142857143,5,5
Gm7357,3.142857142857143,2.625,3.142857142857143
Gm7658,8.714285714285714,10.75,9.571428571428571
Gm7761,7.857142857142857,9.5,6.714285714285714
Gm7846,8.428571428571429,11,10.714285714285714
Gm7895,16.714285714285715,17.625,15.571428571428571
Gm8013,6.428571428571429,5.75,5.571428571428571
Gm8141,10.428571428571429,11,8.571428571428571
Gm8173,0.8571428571428571,1.125,1.4285714285714286
Gm8292,11.142857142857142,11.25,13
Gm8337,18.857142857142858,19.125,13.571428571428571
Gm8451,29,31.5,32
Gm8493,33.285714285714285,29.375,10.285714285714286
Gm8615,34.57142857142857,29.25,8.857142857142858
Gm8618,0.7142857142857143,1.125,1
Gm9530,15.285714285714286,17.875,13.285714285714286
Gm9899,1366.5714285714287,1325.5,1072
Gm9925,309.7142857142857,406.25,609.7142857142857
Gm9962,13.857142857142858,17.125,18.428571428571427
Gmnn,105.57142857142857,118.375,123.57142857142857
Gna12,1879,1647.625,1371.142857142857
Gnb4,1914.5714285714287,1583.375,969.2857142857143
Gnmt,162,185.25,327.14285714285717
Gpatch8,5537.857142857143,5604,5523.571428571428
Gpld1,2603.8571428571427,3002.5,3360.8571428571427
Gpr1,5,4.75,6.142857142857143
Gpr137b,604,545.625,432.7142857142857
Gpr146,895.2857142857143,1021.625,1399.7142857142858
Gpr149,9.285714285714286,18,17.428571428571427
Gpr17,1248.7142857142858,761.375,391
Gpr179,24,33.25,51.57142857142857
Gpr35,40,40.25,37.285714285714285
Gpr37,2251.8571428571427,1998.75,1498.2857142857142
Gpr39,0.7142857142857143,1.125,1.8571428571428572
Gpr4,160.42857142857142,151.25,147.14285714285714
Gpr45,82,84.5,92.85714285714286
Gpr55,3.2857142857142856,2.75,4.571428571428571
Gpr61,205.14285714285714,203.5,209.14285714285714
Gpr83,59.285714285714285,66.375,76.28571428571429
Gpr89,671.8571428571429,649.75,459.42857142857144
Gprc5c,2647,2324.625,2386.5714285714284
Gpx3,286.57142857142856,467.5,1047.857142857143
Grem2,141.14285714285714,163.875,190.57142857142858
Gria4,26285.571428571428,24211,18582.285714285714
Grid1,915.4285714285714,948.125,994.8571428571429
Grm4,16695,14361,9053.142857142857
Grm7,1003.8571428571429,1044.875,767.7142857142857
Gstm1,7477.857142857143,8503.625,10743.142857142857
Gtf3c3,1108.2857142857142,1158.875,1167.2857142857142
Gtpbp2,2679.4285714285716,2725.75,2368.285714285714
Gulp1,255,227,272.42857142857144
H2-K1,949.4285714285714,1031.375,1559.142857142857
H2-Q2,16.285714285714285,19.625,33.42857142857143
H2-Q4,161.71428571428572,164.5,389.42857142857144
H2-Q6,36.142857142857146,43.375,104
H2-T24,69.28571428571429,114,78.71428571428571
Hap1,2823.5714285714284,3099.5,3210.4285714285716
Hcfc2,1878.5714285714287,1885.625,1754
Hdac4,1986.4285714285713,2096.75,2041.7142857142858
Hdlbp,8358.857142857143,8519.625,8020.285714285715
Hebp1,251.14285714285714,219,160.28571428571428
Herpud1,3160,3048.125,3181.714285714286
Hexa,1545.4285714285713,1443.375,1022.2857142857143
Hexim2,445.2857142857143,499.75,711.8571428571429
Heyl,110.42857142857143,119.75,118.14285714285714
Hgsnat,2670.4285714285716,2905.875,3261
Hhex,46,54.125,45
Hkdc1,66.71428571428571,77.375,146.14285714285714
Hmbs,507.85714285714283,511.625,489
Hmgb3,434.57142857142856,440.375,516.2857142857143
Hmgcs1,7451.714285714285,5672.625,4458.285714285715
Hnrnpc,9822,9593.25,7155.428571428572
Hoga1,67.28571428571429,66,68.71428571428571
Hopx,6260.285714285715,5132.625,3384.714285714286
Hps4,873.5714285714286,796.125,608.4285714285714
Hrh2,253.57142857142858,270.875,238.71428571428572
Hs3st4,99.14285714285714,113.875,156.14285714285714
Hsd3b7,824.4285714285714,765.25,532.4285714285714
Hsf1,1536.2857142857142,1527.75,1138.4285714285713
Hsf4,154,194.25,229.57142857142858
Hspd1,7729.285714285715,7397.25,6195.857142857143
Hsph1,6067.571428571428,5725.625,3175.8571428571427
Htr2b,1.2857142857142858,1.25,1.7142857142857142
Htr5b,12.857142857142858,13.5,13.857142857142858
Htr7,69.42857142857143,88.375,88.57142857142857
Hykk,231.28571428571428,213.375,195.85714285714286
Icos,1.2857142857142858,2.5,1.2857142857142858
Icosl,472.14285714285717,589.125,1053.7142857142858
Idh2,1293.5714285714287,1399.75,1967
Idi1,677.2857142857143,514.375,373.85714285714283
Ido2,6.714285714285714,9.25,14
Ier3,390.57142857142856,465.75,520.5714285714286
Ier5,707.8571428571429,865.875,1029.857142857143
Ift22,1184.7142857142858,1129.5,821.8571428571429
Igbp1,1153.2857142857142,1295.25,1571.7142857142858
Igdcc4,2885.285714285714,2606.75,1836.857142857143
Igfbp2,2027.857142857143,1822.5,1992.7142857142858
Ighm,130.42857142857142,157.75,193.71428571428572
Igsf9,20,19.375,18.142857142857142
Igtp,126.42857142857143,181.875,275
Ihh,6.571428571428571,10,7.571428571428571
Iigp1,78.71428571428571,110.375,215.85714285714286
Ikbke,67.57142857142857,62.75,73.71428571428571
Il12rb1,49.857142857142854,50.25,125.28571428571429
Il16,7272.571428571428,7231.125,6600.714285714285
Il17f,1.5714285714285714,0.75,2.7142857142857144
Il18bp,429.7142857142857,427.25,340.2857142857143
Il18r1,0.5714285714285714,0.75,1.4285714285714286
Il1rl1,9.142857142857142,6.125,9.285714285714286
Il1rl2,18,16.25,18.714285714285715
Impact,7302.285714285715,8011.125,8725.142857142857
Impg1,46.285714285714285,49.375,48.42857142857143
Ing5,507.85714285714283,596.625,717.1428571428571
Inhbb,276.42857142857144,320.875,269.85714285714283
Inpp1,3551.285714285714,3615.75,3459
Inpp5b,2717.1428571428573,2819.5,2632.8571428571427
Inpp5d,205.71428571428572,205,212
Inpp5j,5927,5951,5903.142857142857
Inpp5k,2332.714285714286,2603.25,3002.714285714286
Insig2,2407.8571428571427,2442.5,2482.5714285714284
Insm1,22.428571428571427,22.375,24.428571428571427
Ipo9,6758.285714285715,7182.5,10163.42857142857
Iqca,32.857142857142854,32.375,28.428571428571427
Iqcc,706.1428571428571,743.375,680
Iqck,87,95.125,147
Irf2bp2,2958.1428571428573,2809.5,2330.4285714285716
Irgm1,259.42857142857144,393.625,507.2857142857143
Irs4,18.857142857142858,40.875,37
Itga10,348.42857142857144,301.875,267.85714285714283
Itgb1bp2,56.714285714285715,55.5,59.57142857142857
Itgb3,115.28571428571429,80.625,52.57142857142857
Itgb4,741.2857142857143,630,463.7142857142857
Itih3,2467.714285714286,3976.5,5534.571428571428
Itm2a,2595.1428571428573,2033.75,1524.7142857142858
Jade2,2018.5714285714287,2333.25,2973.5714285714284
Jakmip1,779.1428571428571,776.875,859.7142857142857
Jam2,3872.285714285714,3588.375,2702.1428571428573
Josd2,1581.4285714285713,1509.375,1002.8571428571429
Jph1,1486.5714285714287,1471.125,1429.7142857142858
Jpx,297.42857142857144,292.625,342
Jun,2642,2880.875,2235.4285714285716
Kansl1l,1415,1402.125,1370.7142857142858
Kansl3,3948.714285714286,3946,3834.714285714286
Kat2b,5368.857142857143,5912.125,7405.714285714285
Kazald1,174.42857142857142,243,317.7142857142857
Kcna4,192.71428571428572,219.125,209.14285714285714
Kcnab3,1432.857142857143,1577.125,2114.4285714285716
Kcne4,53.285714285714285,53.625,57.285714285714285
Kcnj13,645.5714285714286,481,490
Kcnj16,1327.5714285714287,1429.375,1373.142857142857
Kcnj3,5686.428571428572,5908.125,5058.571428571428
Kcnk13,198.71428571428572,165.125,104.28571428571429
Kcnq5,130.57142857142858,133.25,147.42857142857142
Kcnt2,73.85714285714286,67.75,73.57142857142857
Kctd2,2927.4285714285716,3346.875,4013.5714285714284
Kctd20,3079.1428571428573,2824.125,2424.4285714285716
Kctd21,829.2857142857143,778.875,483.14285714285717
Kctd4,163.57142857142858,159.5,115.71428571428571
Kdm4b,2737.4285714285716,2752,3079.5714285714284
Kdm5b,2269.4285714285716,2253.625,2095.1428571428573
Kdm5c,4913.857142857143,4629,3950.1428571428573
Kdm5d,680,763.125,608.5714285714286
Kdm6a,2810.8571428571427,2823.125,2920.285714285714
Keap1,1913.4285714285713,2108.5,2352.1428571428573
Khdrbs2,264.57142857142856,264.25,246.57142857142858
Kif14,13.142857142857142,12.875,11
Kif21b,1458,1344.5,1451
Kif5a,36079.57142857143,37911.75,33410.71428571428
Kirrel,522.1428571428571,484.5,558.2857142857143
Klf15,1596,1614.125,2286.8571428571427
Klhdc8a,719.4285714285714,753.375,701.5714285714286
Klhdc9,96,124.375,207.57142857142858
Klhl1,260,288.125,241
Klhl30,9.714285714285714,7,10.285714285714286
Klk6,799.7142857142857,606.875,248.14285714285714
Lad1,22.428571428571427,28,28.428571428571427
Lamc2,70.57142857142857,76.375,76.42857142857143
Lax1,3.7142857142857144,3.875,3.7142857142857144
Lcat,2558.8571428571427,2151.75,1249.5714285714287
Lclat1,1051.857142857143,1039.75,926.1428571428571
Lct,14.571428571428571,11.625,10.285714285714286
Ldlr,1111.142857142857,1080.375,1084.4285714285713
Ldoc1,423.14285714285717,521.25,373.57142857142856
Lemd1,15.142857142857142,19,18.428571428571427
Lgals3,65.57142857142857,73.125,130.57142857142858
Lgr6,294.7142857142857,309.875,267.2857142857143
Lhx4,0.7142857142857143,7,6
Lhx9,276.42857142857144,217.625,342.57142857142856
Lias,975.8571428571429,1094.375,1230.4285714285713
Lig1,527.4285714285714,601.875,759.5714285714286
Lime1,2658.4285714285716,2529.625,1657.2857142857142
Lims2,387.57142857142856,312.875,276.42857142857144
Lipt1,91.85714285714286,105.75,101.57142857142857
Lix1,492.57142857142856,422.375,284.2857142857143
Llgl1,3262.5714285714284,3059.75,2911.714285714286
Lman2,3558.4285714285716,3491,2692.285714285714
Lman2l,1368.4285714285713,1272.75,819.5714285714286
Lmbr1l,608.4285714285714,619.875,600.1428571428571
Lmbrd1,9525.714285714286,9665.625,9914.714285714286
Lmo3,187.42857142857142,213.125,267.42857142857144
Lmx1a,88.57142857142857,82.25,115.85714285714286
Lor,13,12.625,18.714285714285715
Lpar1,2234,1833.125,1331.4285714285713
Lrch3,5560,5329.125,4353.857142857143
Lrrc1,744.4285714285714,774.625,718.4285714285714
Lrrc29,64,81,132.14285714285714
Lrrc52,5,4.5,3.857142857142857
Lrrc8a,3267.5714285714284,3549.5,4634.285714285715
Lrrn2,3325.8571428571427,3546.5,3474.714285714286
Lrrn4,4.857142857142857,6.75,8.428571428571429
Lrrtm1,258.7142857142857,273,276.42857142857144
Ltbp2,1610.2857142857142,1976.5,2236.1428571428573
Ltf,35.57142857142857,52.75,35.714285714285715
Lum,295.2857142857143,231.625,135
Lxn,2671.4285714285716,2269.875,1395.7142857142858
Ly96,36.57142857142857,34,34.57142857142857
Lyg2,10.285714285714286,8.625,7.857142857142857
Lypd6,1249.7142857142858,1233.125,1720.5714285714287
Lypd6b,105.85714285714286,125.5,171.85714285714286
Lypla1,2161.1428571428573,2169.125,2064.1428571428573
Mael,3.7142857142857144,2.875,5.285714285714286
Mag,7949,6253.625,4296.857142857143
Magee2,88.57142857142857,84.75,79.42857142857143
Magel2,39,45,67.14285714285714
Mal2,305,307.625,324.7142857142857
Mamdc4,198.28571428571428,168.625,99.28571428571429
Map2,25615.428571428572,26110.875,23713.571428571428
Map6d1,2250.285714285714,2146.75,1516.4285714285713
Mapk7,1218,1238.125,1210.4285714285713
Marcks,7273.428571428572,6267.75,4994.714285714285
Marcksl1,1358.7142857142858,961.875,650.2857142857143
Mark3,3742.8571428571427,3609.375,3474.285714285714
Mau2,5056,4985.375,5258.142857142857
Mcmdc2,36.285714285714285,40.125,34.57142857142857
Mdfi,498,453.5,310.57142857142856
Mdh1b,23.571428571428573,24,18.142857142857142
Mdk,928.2857142857143,881.375,594
Mettl11b,6.428571428571429,7.75,6.142857142857143
Mettl16,1126.4285714285713,1036,694.1428571428571
Mettl17,865.2857142857143,852.5,829.4285714285714
Mex3a,212.28571428571428,193.625,125.71428571428571
Mff,7390.857142857143,7578.875,7336.142857142857
Mfge8,2156,1863,1121
Mfsd9,161,158.5,162.71428571428572
Mgat5,3864,3913.5,3599.5714285714284
Mgst3,1805.5714285714287,1836.75,1702.2857142857142
Mib2,2718.714285714286,2773.625,2450.1428571428573
Mid1,266.2857142857143,259.25,189.14285714285714
Mif-ps1,1.2857142857142858,2.125,1.5714285714285714
Mir128-1,1.8571428571428572,3.125,3.2857142857142856
Mir133b,5,5.75,4.428571428571429
Mir149,0.7142857142857143,1.375,0.7142857142857143
Mir1901,54.142857142857146,38.75,26.428571428571427
Mir30c-2,12,9.125,10.285714285714286
Mir378a,7.857142857142857,8,10.142857142857142
Mir7682,2.857142857142857,2.75,3.5714285714285716
Mkks,1520.2857142857142,1448.375,1069
Mmaa,1573.5714285714287,1509.125,1203.5714285714287
Mmab,579.2857142857143,601.25,688.2857142857143
Mn1,162.85714285714286,162.625,220.71428571428572
Mndal,204.57142857142858,183.25,150
Mog,3450.5714285714284,2470.75,1754.5714285714287
Mogat1,6.285714285714286,7.375,4.714285714285714
Morc2b,157.28571428571428,153.5,108.42857142857143
Morn2,288.42857142857144,270.875,181.28571428571428
Moxd1,303.57142857142856,223.125,176.85714285714286
Mpo,5.142857142857143,9,6.571428571428571
Mpped1,240.85714285714286,266.5,270.7142857142857
Mrgpre,98.14285714285714,109.25,122.71428571428571
Mroh1,3676,3991.75,5113.857142857143
Mroh2a,15.714285714285714,16.125,12.428571428571429
Mrpl15,1169.5714285714287,1166.375,1105.142857142857
Mrpl24,1627.142857142857,1606.75,1229.2857142857142
Mrpl30,1140.5714285714287,1196.125,1129.857142857143
Mrpl35,1261.2857142857142,1249.125,896
Mrpl44,814.7142857142857,865.125,815
Mrps9,1258.7142857142858,1297.5,1305.2857142857142
Mrrf,580.8571428571429,568.625,403
Msantd1,210.42857142857142,169.5,89.57142857142857
Msc,11.571428571428571,12.125,9.285714285714286
Msln,65.57142857142857,59.75,101.57142857142857
Msmo1,2304.714285714286,1897.875,1373.7142857142858
Msn,2972.1428571428573,2809.375,2367.4285714285716
Mstn,22,24.75,19.142857142857142
Mt1,7601.428571428572,10112.375,14397.285714285714
Mthfd2l,247.28571428571428,274.25,299.57142857142856
Mtmr7,2464.714285714286,2792.625,3059
Mybpc1,2680.5714285714284,2919.75,2535.8571428571427
Mybph,17.285714285714285,18.375,23.857142857142858
Myh11,271.2857142857143,290.25,252.42857142857142
Myh15,32.142857142857146,32.375,19.857142857142858
Myo1b,854,869.25,854.5714285714286
Myo1d,794.2857142857143,675,502.42857142857144
Myoc,385.42857142857144,277.125,281.85714285714283
Myog,1.7142857142857142,1.125,0.8571428571428571
Nabp1,430,448.75,397.2857142857143
Nadk,2601.714285714286,2561.5,2291.285714285714
Nap1l5,19245.571428571428,20664.875,22891.714285714286
Nbeal1,1732.7142857142858,1662.625,1432.7142857142858
Nbl1,2550.714285714286,2914.375,4832.428571428572
Ncf2,75.71428571428571,82.5,78.28571428571429
Nck2,789.2857142857143,771.125,744.8571428571429
Ncmap,43,58.875,131.57142857142858
Ncoa2,4909,5055.625,5049.285714285715
Ndufa10,4576.857142857143,4678,4349.714285714285
Ndufs1,7504.571428571428,7668.875,7734.285714285715
Neto1,203.71428571428572,252.75,232.14285714285714
Nfkbia,1188.5714285714287,1086.375,1320.4285714285713
Nfya,1132.142857142857,1064.125,751.5714285714286
Ngb,57.285714285714285,65.875,98.85714285714286
Ngef,575.1428571428571,513.375,525.5714285714286
Ngp,51.57142857142857,98.625,72.57142857142857
Nid1,1474.2857142857142,1030.875,692.1428571428571
Nif3l1,744.5714285714286,754.5,721
Nifk,941,945.625,917.1428571428571
Nme7,433.85714285714283,431.75,415.7142857142857
Nmnat2,9568.714285714286,9814.875,9333.57142857143
Nmnat3,35.285714285714285,44.625,50.857142857142854
Nmur1,24.571428571428573,23.75,28
Noc2l,2429.4285714285716,2463.5,2276.5714285714284
Nol3,262,268.75,252.85714285714286
Nop14,975.5714285714286,1042,1226.857142857143
Noxred1,96.71428571428571,84.5,31.714285714285715
Npas1,10.714285714285714,22.375,22.428571428571427
Npas2,163.71428571428572,214.875,277.2857142857143
Npbwr1,3.4285714285714284,4.875,6
Npffr1,8.714285714285714,10.125,12
Nphs2,12.571428571428571,6.75,8.857142857142858
Npsr1,4.428571428571429,10.25,13.857142857142858
Nptx2,66.28571428571429,60.625,84.57142857142857
Nqo1,378.42857142857144,434.5,610.4285714285714
Nr2e1,8,4.75,9.285714285714286
Nr2f1,1607.142857142857,1679.375,1684.5714285714287
Nr5a2,1,3,2
Nras,1981.4285714285713,1654.25,1321
Nrep,40059.857142857145,33840.625,23595
Nrp2,458.7142857142857,481.875,448.85714285714283
Nrsn2,1916.5714285714287,2145.125,2446.714285714286
Nsun3,498.85714285714283,558.25,747.2857142857143
Nsun5,581.4285714285714,585.625,579.8571428571429
Ntf3,264.85714285714283,198.25,90.42857142857143
Nucb2,248.85714285714286,288.875,369.7142857142857
Nudt5,575.7142857142857,537.875,362.57142857142856
Nudt9,1369,1600.5,1771.2857142857142
Nuf2,175.42857142857142,136.25,87.71428571428571
Nyap2,1219.7142857142858,1347,1248.7142857142858
Obsl1,815.4285714285714,757.125,773.2857142857143
Ogdhl,3701.714285714286,4320.75,4739.285714285715
Ogfrl1,9918.42857142857,10633.375,10289.857142857143
Olfr1033,81.14285714285714,51.5,80
Omd,180.57142857142858,180.125,355.7142857142857
Oprk1,64.28571428571429,78.625,72.85714285714286
Oprm1,109.28571428571429,125.875,133.85714285714286
Optc,35.285714285714285,30.5,44.714285714285715
Ormdl3,2612.1428571428573,2839.875,3704.5714285714284
Otoa,44.142857142857146,51.75,90.28571428571429
Otof,119.42857142857143,125.625,88.42857142857143
Otp,4.285714285714286,14.875,10.428571428571429
Ovgp1,592.1428571428571,720.125,1278.5714285714287
Oxct1,15332.142857142857,14253,10649.857142857143
Oxtr,27.142857142857142,28.125,27.428571428571427
Pabpc4,847,800.125,655.5714285714286
Padi2,1230.4285714285713,940.5,686.5714285714286
Paip2b,3694.8571428571427,4172.5,4434.142857142857
Pam,1955.4285714285713,2040.125,2147.8571428571427
Pan3,4508.857142857143,4748.625,5022.428571428572
Panct2,18.285714285714285,18.5,15
Pank4,1769.2857142857142,1897.375,1850.4285714285713
Pantr1,251.42857142857142,261.5,245.14285714285714
Pantr2,44.714285714285715,47.75,41.42857142857143
Pappa2,6.857142857142857,7.125,5.714285714285714
Paqr8,18625.714285714286,18883.625,18911.428571428572
Parp3,335.85714285714283,385.875,505.7142857142857
Pask,207.57142857142858,198.75,192.85714285714286
Pax3,312,296,306
Pax7,8.285714285714286,17,29.571428571428573
Paxip1,1871.4285714285713,1814.125,1850.142857142857
Pbdc1,494.14285714285717,489.75,392
Pbx1,4099,4222.375,4290.428571428572
Pcbd1,128.28571428571428,136.625,133
Pcdh10,1685.857142857143,1744.625,1754.857142857143
Pcdh17,1337.7142857142858,1386.375,1261.5714285714287
Pcdh18,129.57142857142858,142.75,119
Pcdh19,314.57142857142856,335.125,345.85714285714283
Pcdh8,115.85714285714286,131,142
Pcdha10,75.28571428571429,68,54.857142857142854
Pcdhb8,148,161.625,137.57142857142858
Pcdhga1,167.57142857142858,162.375,181.28571428571428
Pcgf6,1196.4285714285713,1177.625,986.4285714285714
Pcif1,2190.1428571428573,2339.875,2954.714285714286
Pcyox1l,762.7142857142857,699.375,528.7142857142857
Pdcd1,1.7142857142857142,2.125,0.5714285714285714
Pdcd2l,601.4285714285714,617.5,653.5714285714286
Pdcl3,1142.2857142857142,1167.125,1146.4285714285713
Pde11a,53.42857142857143,54.375,73.42857142857143
Pde1b,1174.2857142857142,1290.75,1550.142857142857
Pde8b,704.1428571428571,803.375,725.1428571428571
Pdzrn4,69.14285714285714,77,81.71428571428571
Penk,3048.8571428571427,3425.625,4050.8571428571427
Per2,3458.4285714285716,3053.25,2374.5714285714284
Pex6,1824,1823.625,1347.142857142857
Pgap1,2114.4285714285716,2145,1975.142857142857
Pgm2,3313.714285714286,3813.75,4281.714285714285
Pgpep1l,14.142857142857142,12.625,15.714285714285714
Pgr15l,11,17.5,14.428571428571429
Phf3,4663.428571428572,4750.625,4551.857142857143
Phf7,158,193.25,302
Phkg1,742.4285714285714,665.5,482.85714285714283
Phkg2,1881,1903.75,1961.857142857143
Phlda3,491.85714285714283,487.375,422.14285714285717
Phyhd1,909.7142857142857,1301.375,1851
Pi15,32.714285714285715,30.125,30.428571428571427
Piga,589.4285714285714,511.125,382.2857142857143
Pign,938.2857142857143,915.5,892.5714285714286
Pigq,4076.4285714285716,3908.875,3099.285714285714
Pigs,2738.5714285714284,2582.625,1984.7142857142858
Pikfyve,2749.5714285714284,2823.375,2770.1428571428573
Pim2,1356.857142857143,1293.625,1074.4285714285713
Pink1,15454.57142857143,17252.375,23305.285714285714
Pithd1,2037.7142857142858,2304.5,2664.5714285714284
Pkhd1,2.2857142857142856,1.75,3
Pkn1,1224,1247.5,1226.5714285714287
Pkp1,2.7142857142857144,2.125,2.5714285714285716
Pkp4,12136.857142857143,11429,9522.142857142857
Pla2g3,139.42857142857142,203.375,423.57142857142856
Pla2g4e,285.85714285714283,393.75,1014.5714285714286
Plch2,9075.142857142857,8787,6589.857142857143
Plcl1,1269.4285714285713,1399.875,1348.857142857143
Plcl2,1901.5714285714287,1849.5,1708.7142857142858
Plcxd1,143.14285714285714,150.25,192.28571428571428
Pld3,2507.8571428571427,2751,2764
Plekha6,4680.142857142857,5002.375,4919.571428571428
Plekhg2,295.85714285714283,248.75,263.57142857142856
Plekhh3,1766.5714285714287,1802.5,1852.7142857142858
Plekhm1,1744.4285714285713,1657.875,1520.857142857143
Plekhm3,1873.4285714285713,2016.625,1930.857142857143
Plin4,447.14285714285717,975.75,1942.142857142857
Pllp,1692.5714285714287,1241.75,894.5714285714286
Plod1,1059.7142857142858,904.25,688.5714285714286
Plp1,91103.14285714286,67197.75,35161
Plxnb2,6172,5908.125,5676.428571428572
Plxnb3,1132,1014.875,652.7142857142857
Pm20d1,214.85714285714286,237.625,206
Pmp22,1688.7142857142858,1569,1182.5714285714287
Pms1,387.14285714285717,427.25,544.1428571428571
Pnma2,329.2857142857143,369.75,317.57142857142856
Pnoc,86.85714285714286,99,95.71428571428571
Pnpla2,1133.142857142857,1372.75,2070.714285714286
Pole,85.57142857142857,104.875,190.42857142857142
Polr2a,4688.714285714285,5369.75,7212.857142857143
Pomt1,663.1428571428571,654.75,479.57142857142856
Pomt2,1364.7142857142858,1378.75,1325.5714285714287
Pou3f2,638.7142857142857,718.25,681.2857142857143
Pou3f3,1459.5714285714287,1581,1486
Pou4f1,16,19.375,29.142857142857142
Ppfia4,10743.714285714286,10816.25,9884.57142857143
Ppil3,392.2857142857143,388.25,372.57142857142856
Ppp1r12b,3503,3481.875,3373.4285714285716
Ppp1r12c,3359,3499,3689.1428571428573
Ppp1r13b,2710.714285714286,2800,3493.8571428571427
Ppp1r1c,9.142857142857142,12.375,14.428571428571429
Ppp1r2,4509.857142857143,4722.5,5432.857142857143
Ppp1r3f,912.7142857142857,1032,1308
Ppp1r42,18.428571428571427,15.625,17.714285714285715
Ppp2r2d,2217.714285714286,2248.75,2536
Prelp,1260,1219.875,1192
Prex1,5320,4466.875,3302.4285714285716
Prg4,488.14285714285717,456.75,1075
Prkag3,17.714285714285715,18,21.571428571428573
Prkar2b,785.2857142857143,793.5,664.2857142857143
Prl2c2,18.571428571428573,16,16
Prl2c3,81.14285714285714,77.5,78.28571428571429
Proca1,272.42857142857144,220.125,139.71428571428572
Prodh,1151.5714285714287,1597.625,2285.285714285714
Prps1,2069.8571428571427,2318.25,2540
Prr15,30.571428571428573,45,98.42857142857143
Prr18,2306.4285714285716,1758.5,1033.4285714285713
Prr5l,682.7142857142857,569.125,429.14285714285717
Prrc2c,7582.428571428572,7822.375,7878.571428571428
Prrg1,584.4285714285714,500.875,327.85714285714283
Prss16,25.142857142857142,18.75,18.571428571428573
Prss53,173.57142857142858,164.75,81.42857142857143
Prss56,2,2.375,2.2857142857142856
Psg16,949.1428571428571,1001.5,984.7142857142857
Psmf1,1160,1279.5,1452.2857142857142
Ptgdr,42.857142857142854,32.625,25.142857142857142
Ptgis,92,79.125,138.42857142857142
Ptgs2,49.57142857142857,127.5,61.285714285714285
Ptgs2os,0.7142857142857143,0.875,1.5714285714285714
Ptn,7632.714285714285,6333.875,4341.714285714285
Ptp4a1,1652.2857142857142,1474.25,1178.5714285714287
Ptpn18,43.142857142857146,44,50.142857142857146
Ptpn23,2772,2717.125,2465
Ptpn5,796.1428571428571,831.625,825.2857142857143
Ptprc,99.85714285714286,113.375,102
Ptprj,3668.8571428571427,3532.125,3857.5714285714284
Ptprn,4937.285714285715,5202,5353.571428571428
Ptpro,276.2857142857143,247.375,283.42857142857144
Ptprv,4.428571428571429,5.125,5.714285714285714
Pxmp2,205.14285714285714,235.375,317.14285714285717
Pycr1,73.71428571428571,57.25,18.857142857142858
Pyroxd2,192.85714285714286,166.5,124.28571428571429
Qdpr,5942.428571428572,5325.125,3700.5714285714284
Qpct,164.42857142857142,166.375,145.28571428571428
Rab17,0.8571428571428571,1.25,2
Rab27b,374.2857142857143,449.875,454.14285714285717
Rab29,190.71428571428572,184.5,193.28571428571428
Rab3b,365.2857142857143,436.625,704.7142857142857
Rab44,6.142857142857143,7.125,5.285714285714286
Rab9b,977.5714285714286,1087.875,907.4285714285714
Rabgap1l,6441.285714285715,6615.875,6377.857142857143
Rabl2,985.2857142857143,975,799.1428571428571
Raf1,4149.142857142857,4162.625,4111
Ralgps2,2127,2150.625,2056
Rap2a,2661.1428571428573,2287.5,1889
Rasal2,2623.285714285714,2691.25,2836.4285714285716
Rasgef1a,3689,4155.75,4817.714285714285
Rasgrf2,510.2857142857143,614.625,737.4285714285714
Rb1cc1,6303.571428571428,6469,6215.428571428572
Rbm10,3128.4285714285716,3051.625,2515.714285714286
Rbm28,2200.285714285714,2071,1568.142857142857
Rbm3,5194.285714285715,6000.625,9739.42857142857
Rbm6-ps1,11,13.25,9.285714285714286
Rbms2,1041.5714285714287,1010,999.4285714285714
Rc3h1,3560.8571428571427,3552.5,3497
Rcor3,1291.5714285714287,1371.875,1558.2857142857142
Rcsd1,218.71428571428572,208.5,204.14285714285714
Rdh10,967.7142857142857,905.75,899.2857142857143
Relt,544.1428571428571,692.5,916.8571428571429
Ren1,5,3.125,5.857142857142857
Resp18,691.1428571428571,898.75,872.2857142857143
Rftn2,1370.4285714285713,1290,1035.7142857142858
Rfx8,9.142857142857142,6.375,7.142857142857143
Rgcc,378,307.25,292
Rgl1,1339.2857142857142,1335.75,1331
Rgs1,2.2857142857142856,1.875,3.2857142857142856
Rgs16,697.8571428571429,679.375,644.1428571428571
Rgs18,3.7142857142857144,6.375,5.142857142857143
Rgsl1,18,18.375,19.142857142857142
Rhbdd1,556.4285714285714,577.25,553
Rhbdf1,541.4285714285714,506.25,561
Riok3,3762.4285714285716,3796.875,4011.285714285714
Rlbp1,377.7142857142857,319.375,174.85714285714286
Rln3,0.5714285714285714,11,11.857142857142858
Rmdn3,5037.857142857143,4762.25,3673.285714285714
Rmnd1,1210.7142857142858,1073.125,743.1428571428571
Rnasel,108.28571428571429,103.125,116.85714285714286
Rnd3,528.7142857142857,524.5,511.85714285714283
Rnf128,1037.5714285714287,1141.875,1087.5714285714287
Rnf141,3560.8571428571427,3140.25,2677
Rnf149,1085.5714285714287,1046.25,1055
Rnf170,1564.5714285714287,1662.375,1970
Rnf180,333.57142857142856,318,308.42857142857144
Rnf2,1572.142857142857,1611.125,1654.2857142857142
Rnf25,1410,1455.375,1328.4285714285713
Rnpep,1463.5714285714287,1484,1253.4285714285713
Rnpepl1,1244.4285714285713,1230.75,1233.5714285714287
Rorc,1001.8571428571429,1272.25,1616
Rp1,2.2857142857142856,2.75,1.8571428571428572
Rpe,1313.7142857142858,1219.25,788.8571428571429
Rpl10a-ps1,26.428571428571427,26,24.428571428571427
Rpl14-ps1,25.142857142857142,27,28.285714285714285
Rpl19-ps1,2.5714285714285716,2.875,1.4285714285714286
Rpl28-ps1,24.571428571428573,23.375,19.714285714285715
Rpl31,2824.1428571428573,3027.75,2891.5714285714284
Rpp25,142.85714285714286,176.875,185.71428571428572
Rprm,71.85714285714286,70.875,73
Rps27a-ps1,2.4285714285714284,1.625,2.142857142857143
Rragc,2773.4285714285716,2919,3263.1428571428573
Rrs1,691,723.625,715.2857142857143
Rspo1,12.714285714285714,16.75,25.285714285714285
Rtca,1319.142857142857,1451.25,1808.2857142857142
Rtcb,3695.285714285714,4058.75,4392
Rufy4,5.428571428571429,5.375,6.571428571428571
Rwdd2a,288.14285714285717,341.875,391.14285714285717
Rxfp3,15.285714285714286,18.875,20.428571428571427
Rxrg,28,31.25,37.142857142857146
S100a8,56.714285714285715,107.875,106.57142857142857
S100a9,82.14285714285714,141.25,131.85714285714286
Safb2,3264.285714285714,3157,2806.4285714285716
Sag,8.285714285714286,10.75,8
Samd11,24.714285714285715,26.75,30.142857142857142
Satb2,24.857142857142858,26.875,19.571428571428573
Sbk1,26700.428571428572,24011.5,19224.285714285714
Sc5d,4374.428571428572,3739.5,3002.1428571428573
Scarna6,4.285714285714286,3,4.285714285714286
Scg2,7445.285714285715,7848.875,7551.857142857143
Scml4,31,24.625,31
Scn3b,313,336.5,347.14285714285717
Sctr,6.714285714285714,6.625,10.285714285714286
Sele,1,6.375,0.7142857142857143
Selp,0.42857142857142855,4.125,1
Sema3e,748.7142857142857,734.25,600.7142857142857
Sema4c,1114.142857142857,1097.375,1071.857142857143
Sema4d,4065,3859,3082.4285714285716
Senp3,2661.5714285714284,2616.375,2234.714285714286
Senp8,308.42857142857144,296.75,202.71428571428572
Serf2,3948.1428571428573,3748.5,2948
Serinc2,898.1428571428571,839.625,655.5714285714286
Serinc5,3130.1428571428573,2592.75,2231.285714285714
Serpina3g,13.571428571428571,18.875,20.857142857142858
Serpinb10,0.8571428571428571,1,2.2857142857142856
Serpinb1a,600,465.5,270.2857142857143
Serpinb5,4.285714285714286,3.125,3.857142857142857
Serpinb8,152.28571428571428,113.75,98.42857142857143
Serpinc1,2.4285714285714284,0.875,0.8571428571428571
Serpinh1,1376.2857142857142,1110.625,700.8571428571429
Setd7,18586.285714285714,17641.375,11895
Sf3b1,16976.714285714286,17740.5,18650.571428571428
Sfrp2,35,36.125,36.57142857142857
Sft2d2,1373.2857142857142,1278.75,1350.5714285714287
Sfxn5,10692.142857142857,9515.875,7496
Sgk1,6398.714285714285,5856,8238
Sgsm1,4148.428571428572,4451.625,4537.285714285715
Sh3bp4,487.42857142857144,448.5,467
Sh3gl1,1738.142857142857,1666.75,1569.7142857142858
Shc1,469.2857142857143,445.625,527.2857142857143
Sidt1,1969.5714285714287,1988,1982
Sin3b,2415.5714285714284,2350,2332.5714285714284
Slain1,2215,2063.25,1723
Slc13a1,156.71428571428572,113.25,58.285714285714285
Slc14a1,1597.7142857142858,1504.125,1137.142857142857
Slc16a10,233.57142857142858,280.375,279.57142857142856
Slc16a14,227.28571428571428,210.625,243.71428571428572
Slc16a7,1542,1389.875,1033.4285714285713
Slc17a9,17.142857142857142,24.625,74.28571428571429
Slc20a2,5305,5738.375,7210.428571428572
Slc22a4,2636.4285714285716,2598.625,2498.714285714286
Slc23a3,3.5714285714285716,3.625,5.142857142857143
Slc25a16,1338,1429.375,1871
Slc25a27,4563.142857142857,4679.875,4591.142857142857
Slc26a7,344.85714285714283,288.375,401.2857142857143
Slc26a8,93.57142857142857,104.25,193.57142857142858
Slc26a9,1.2857142857142858,1.875,1.4285714285714286
Slc2a1,5306.571428571428,5420.5,5797.285714285715
Slc2a4,267.2857142857143,341.25,707.7142857142857
Slc2a4rg-ps,575.4285714285714,512.875,272.2857142857143
Slc2a9,69.28571428571429,86.875,181.42857142857142
Slc35b1,1609,1556.875,1608.4285714285713
Slc35f1,1307.5714285714287,1371.875,1175.7142857142858
Slc35f5,728.7142857142857,723.25,706
Slc35g1,184.85714285714286,169.625,227.28571428571428
Slc39a11,354.14285714285717,372.625,379.85714285714283
Slc39a2,836,789.75,468
Slc47a1,435,288.5,347.2857142857143
Slc4a3,3672.5714285714284,3725.75,3703.5714285714284
Slc6a12,203.28571428571428,237.75,324.85714285714283
Slc6a16,13.714285714285714,16.625,14.857142857142858
Slc6a20a,841.5714285714286,831.125,1379.5714285714287
Slc6a4,9.142857142857142,117.75,47.142857142857146
Slc6a6,4767.428571428572,4984.875,6620.714285714285
Slc6a7,406.14285714285717,426.25,542.1428571428571
Slc7a10,1755.4285714285713,1525.625,1194.2857142857142
Slc7a3,402,365.125,183.42857142857142
Slc9a2,221.42857142857142,167.625,238.42857142857142
Slc9a4,9.714285714285714,10.625,11.142857142857142
Slco4c1,13.285714285714286,12.75,14.142857142857142
Slfn4,5.571428571428571,29.875,12.428571428571429
Slit1,155,200.5,215.28571428571428
Smad9,1635.5714285714287,1850.375,2226.1428571428573
Smap1,3257.4285714285716,3244.25,3298.8571428571427
Smarcal1,2913.8571428571427,3091.125,2882.285714285714
Smarcd2,3076,3142,3480
Smim14,5800,6090.375,6657.428571428572
Smim15,2144,2122.75,1695.7142857142858
Smim8,413.2857142857143,422,448
Smox,2054.285714285714,2426.625,2819.8571428571427
Smt3h2-ps4,3.142857142857143,2.5,2.5714285714285716
Smtn,280.7142857142857,237.875,243.14285714285714
Smyd3,1226.2857142857142,1330.875,1614.142857142857
Snhg3,209.14285714285714,233.875,352.57142857142856
Snhg4,219.14285714285714,251.75,345
Snhg6,270.85714285714283,273.375,282.85714285714283
Snhg8,336.14285714285717,372,513.5714285714286
Snn,4416.285714285715,5072.375,6020
Snora41,19.285714285714285,19.875,23.571428571428573
Snora75,10.428571428571429,10,9.857142857142858
Snord47,22.571428571428573,22.5,23.142857142857142
Snord87,3.4285714285714284,2.75,2.4285714285714284
Snord89,14.857142857142858,15.875,13.142857142857142
Sntg1,403.42857142857144,443.75,459.14285714285717
Soat1,747.8571428571429,729,721
Sord,708,782.625,972
Sost,57.42857142857143,41.375,11.714285714285714
Sox13,329.85714285714283,326,323.7142857142857
Sox14,18.285714285714285,17.75,26.571428571428573
Sox17,276.57142857142856,260.5,220.57142857142858
Sox2ot,946.4285714285714,803.125,473.42857142857144
Sp100,157,197.5,177
Sp110,41.285714285714285,41.375,36.42857142857143
Sp140,31.857142857142858,28.75,37
Spag16,113.14285714285714,106.5,120.85714285714286
Sparc,35429.57142857143,38832,56105.71428571428
Spata2l,702.5714285714286,597,538.5714285714286
Spata3,17.285714285714285,18,13.142857142857142
Spats2l,382.2857142857143,386,352.85714285714283
Spice1,710,706,481.2857142857143
Spin2c,120.57142857142857,127.75,125
Spns2,1990.4285714285713,2092.625,2450.1428571428573
Spon1,3888.285714285714,4417.625,5237.714285714285
Spp2,7.714285714285714,8,10.571428571428571
Spsb3,2256.1428571428573,2433.375,3059
Srbd1,529.2857142857143,519.625,325.42857142857144
Srebf1,1950.5714285714287,2233.875,3438.4285714285716
Srgap2,9050.285714285714,8992,9002.57142857143
Srr,3044.714285714286,2740,1949.142857142857
Srrm4,4342.714285714285,3925.625,3489.714285714286
Srsf9,1537.142857142857,1529.375,1327.857142857143
Sstr1,145.57142857142858,160.375,145.85714285714286
Ssx2ip,3032.285714285714,3182.625,3908.714285714286
St6gal2,208,197.25,200.85714285714286
St8sia2,85.28571428571429,88.25,82.42857142857143
Stac3,175.85714285714286,148.25,87.57142857142857
Stat1,1470,1863.25,1551.7142857142858
Stat4,4.857142857142857,5.5,6.714285714285714
Stau2,3524.5714285714284,3678.25,3665.8571428571427
Stbd1,57.57142857142857,33.75,31.714285714285715
Steap3,126.14285714285714,78.25,62
Stk11ip,1090.142857142857,1099.5,1031
Stk17b,4899.714285714285,4716.25,3458.285714285714
Stk25,5641,5891,5710.857142857143
Stk32b,39.857142857142854,44.125,47.714285714285715
Stk38,2399.285714285714,2358.75,2270.714285714286
Stradb,1135.142857142857,1113.75,1098.142857142857
Strip1,3047.714285714286,3112.5,3023.8571428571427
Stx3,2454.285714285714,2699.25,3681.5714285714284
Stx5a,2522,2522.25,2388.5714285714284
Stx6,1800.2857142857142,1812,1869.857142857143
Sult1a1,547.1428571428571,689.5,1566.2857142857142
Sumo1,3064.285714285714,3257.25,3106.5714285714284
Susd2,244.28571428571428,236.75,186.14285714285714
Susd6,5312.428571428572,5158.625,4985
Swt1,792.8571428571429,792.25,730.8571428571429
Syne4,341.57142857142856,344,337.2857142857143
Syt16,215,208.625,208.71428571428572
Syvn1,2261.285714285714,2215.375,1943.7142857142858
Tac4,10.285714285714286,18.875,38
Tacr1,40.142857142857146,46.5,60
Tacr3,43,59.375,57.285714285714285
Tada2b,1257.4285714285713,1341.375,1609.857142857143
Tal1,75.57142857142857,87.5,104
Tap2,313.85714285714283,376.375,495.85714285714283
Tbc1d20,1332.142857142857,1313.125,1411.142857142857
Tbc1d25,779.1428571428571,761.5,703.7142857142857
Tbc1d8,1923,1966,1846.2857142857142
Tbx6,82.28571428571429,77.875,39.714285714285715
Tcea1,3307.714285714286,3281.375,3486.8571428571427
Tceal6,1119.142857142857,1227.5,1176.142857142857
Tcf24,10.285714285714286,9.375,10.142857142857142
Tchh,64.14285714285714,69.375,85.28571428571429
Tdgf1,232.28571428571428,243.75,296.85714285714283
Tdrd5,57.42857142857143,69.125,67.42857142857143
Tead4,247.85714285714286,261.625,261.42857142857144
Tenm2,906.8571428571429,995.5,892.5714285714286
Tenm3,735.5714285714286,791.5,798.8571428571429
Terf1,650.1428571428571,677.875,643
Tex30,237.57142857142858,249.5,255.57142857142858
Tfap2b,2104,2158.875,2233.4285714285716
Tfap2d,189,130.75,219.57142857142858
Tfap4,270.42857142857144,376.25,480.2857142857143
Tfdp1,2087.5714285714284,2017.75,1810.857142857143
Tfrc,5700.428571428572,5874.625,9645.285714285714
Tgfbi,233.85714285714286,202.5,242.71428571428572
Tgfbrap1,2607.1428571428573,2576.75,2665.8571428571427
Thap1,425.85714285714283,411.25,309.2857142857143
Thap4,508.57142857142856,495.625,506.14285714285717
Thbs3,188.28571428571428,207.75,356.7142857142857
Thnsl2,126.57142857142857,167.875,236.14285714285714
Thra,10424,11203,14335.285714285714
Thsd7b,43.857142857142854,55,42.142857142857146
Timeless,319.85714285714283,382.625,518.2857142857143
Timm17a,1574,1654.875,1591.2857142857142
Timmdc1,637,610.375,447.7142857142857
Timp2,3431.285714285714,3450.875,4404.571428571428
Tipin,585.5714285714286,690.25,881.4285714285714
Tiprl,1962.7142857142858,1984.375,1968.142857142857
Tjap1,1017.1428571428571,898,626.1428571428571
Tm6sf2,166.28571428571428,123.375,32.42857142857143
Tmbim1,1867.4285714285713,1894.125,1874.4285714285713
Tmco3,1583.142857142857,1519.5,1137
Tmeff2,2440.1428571428573,2169.75,1878.7142857142858
Tmem120b,529,529.5,588.7142857142857
Tmem130,3581.285714285714,3822.25,3559.285714285714
Tmem131,3697.285714285714,3741.625,3458.285714285714
Tmem132b,540.5714285714286,553.875,709.1428571428571
Tmem132c,1122,1233.375,1454.857142857143
Tmem14a,672.1428571428571,696.875,607.7142857142857
Tmem161a,939.7142857142857,945.25,876.1428571428571
Tmem163,2433.8571428571427,2358.75,2250.714285714286
Tmem169,653.1428571428571,668,673.8571428571429
Tmem182,8,11.875,11
Tmem183a,2929.8571428571427,2986.25,2892.285714285714
Tmem198b,957.5714285714286,807.5,608.4285714285714
Tmem200c,225,240,215.28571428571428
Tmem237,992.2857142857143,929.5,974.4285714285714
Tmem29,478.57142857142856,509.375,505.57142857142856
Tmem33,6406.285714285715,6116.625,4755.285714285715
Tmem37,32.142857142857146,26.625,36.857142857142854
Tmem62,2949.714285714286,3014,2849.285714285714
Tmem91,108,107.5,120.85714285714286
Tmie,242,254.625,266.42857142857144
Tmprss3,41,44.75,55.714285714285715
Tnc,836.5714285714286,514.375,214.57142857142858
Tnfrsf11a,83.42857142857143,70.75,80.42857142857143
Tnni1,107,103.875,105.71428571428571
Tomm20,8363.285714285714,8892.75,10465.285714285714
Tomm40l,2044.2857142857142,1971.125,1484.4285714285713
Tox,89.85714285714286,100.75,108.85714285714286
Tox2,165.42857142857142,194.5,254.85714285714286
Tph2,37.57142857142857,200.125,113
Tpp2,3044.5714285714284,3167.375,3217.1428571428573
Tppp,11414.714285714286,10748.875,7468.285714285715
Tpr,6415.714285714285,6718.125,6915.142857142857
Tpra1,1957.5714285714287,1918,1597.4285714285713
Tra2a,4885.285714285715,4579.5,3056
Traf1,248,195.5,138.71428571428572
Tram1,1761.5714285714287,1757.125,1706.7142857142858
Tram2,18.714285714285715,15.25,17.571428571428573
Trf,17892.85714285714,15313.75,9134.42857142857
Trhr,36.285714285714285,45,43.714285714285715
Trim23,3745.285714285714,4236.25,5025.285714285715
Trim3,6493.142857142857,6644.125,7380.285714285715
Trim59,802.8571428571429,818.75,670.2857142857143
Trim65,172.57142857142858,160.625,174.14285714285714
Trim72,37.714285714285715,42,80.57142857142857
Trip12,7921.571428571428,8149.125,8481.42857142857
Trmt6,1649.7142857142858,1698.375,1734.857142857143
Trp53inp2,12319.142857142857,9837.5,7452.142857142857
Trpa1,1.4285714285714286,1.625,2.857142857142857
Trpv3,17.857142857142858,18.25,29.142857142857142
Tsc22d1,11322.42857142857,10528.25,8724.714285714286
Tsen15,576.5714285714286,634.5,558.8571428571429
Tsga10,365.7142857142857,321.375,201.42857142857142
Tspyl2,4527.857142857143,4982.125,6098.571428571428
Tspyl3,552.7142857142857,600.75,594.8571428571429
Tspyl4,28475.428571428572,29040.125,22187.428571428572
Tssk5,83.14285714285714,134.375,321.85714285714283
Ttll1,715,738.625,662.1428571428571
Ttll4,2054.8571428571427,2049.625,2018.142857142857
Ttpa,557.8571428571429,471.625,381.85714285714283
Ttyh1,21453.571428571428,24252.5,30457.428571428572
Tuba8,1455.2857142857142,1459.5,894.1428571428571
Tubb2b,4053.714285714286,3236.25,1846.7142857142858
Tufm,2007.7142857142858,1911,1348.2857142857142
Twist2,3,3.625,4.428571428571429
Txndc11,1366,1361,1434.7142857142858
Txndc9,1870,1912.25,1861.142857142857
Tyro3,7069.428571428572,6906.875,5191.857142857143
Tyrp1,13.142857142857142,16.75,10.285714285714286
Tyw5,493.14285714285717,492.875,487.7142857142857
Ube2f,1412.7142857142858,1433,1386
Ube2t,62.42857142857143,75.5,64.85714285714286
Ube2v2,2072,2079.125,1647.857142857143
Ubfd1,3149.714285714286,3012,2360.285714285714
Ubqln4,3515.1428571428573,3479.375,2649.1428571428573
Ubtd2,2633.1428571428573,2337.375,2625.5714285714284
Ubxn2b,892.2857142857143,833.625,589.8571428571429
Ucp3,75.85714285714286,98.125,128.57142857142858
Ugt1a7c,8.857142857142858,7.375,6.571428571428571
Ugt8a,4092.285714285714,2627,1038.2857142857142
Unc45a,1562,1490.25,1421.142857142857
Unc50,1451.857142857143,1505.625,1496.857142857143
Unc5d,532.7142857142857,639.125,743.4285714285714
Unc80,19759.714285714286,21020.75,19474.285714285714
Uri1,2014.142857142857,2167.5,2567.4285714285716
Uros,722.2857142857143,740.875,543.4285714285714
Usp12,2590.4285714285716,2534.25,2705.8571428571427
Usp19,6499,6380,5799.142857142857
Usp2,4291.571428571428,4116.5,4506.285714285715
Usp28,2757.8571428571427,2462.5,2045.142857142857
Usp3,5056.714285714285,4771,4728.285714285715
Usp40,1376,1417.625,1446.2857142857142
Uty,657,748,575.4285714285714
Uxs1,1445,1431.375,1465
Vmn2r1,32,45.25,107.28571428571429
Vopp1,1782.7142857142858,1784.125,1347.142857142857
Vps11,2762.8571428571427,3099.5,3839.1428571428573
Vps33a,4167,4602.875,5008
Vps4b,2226.4285714285716,2263.5,2279
Vstm2a,1030,1159.875,1068
Vstm5,81.14285714285714,98.375,103.28571428571429
Vsx2,2.2857142857142856,8.125,12.857142857142858
Vwc2l,55.714285714285715,71.5,71.14285714285714
Wasf2,1336.2857142857142,1228.75,1278.857142857143
Wdfy2,1826.2857142857142,1812.125,1835.857142857143
Wdfy4,34.285714285714285,43.125,39.857142857142854
Wdr12,1090.5714285714287,1124,1079.2857142857142
Wdr24,624.1428571428571,655.375,599.7142857142857
Wdr41,1583.4285714285713,1516.75,1279.2857142857142
Wdr75,1216.857142857143,1202.625,1272.2857142857142
Whamm,966.4285714285714,1035.375,1387.857142857143
Wnt10a,8.714285714285714,9.75,11.857142857142858
Wwox,796.7142857142857,895.125,1097.857142857143
Xist,24164,20184.375,24609.285714285714
Xpa,371.85714285714283,442.125,595.2857142857143
Xpc,711.7142857142857,810.125,1082.142857142857
Xpo1,6174.428571428572,5839.25,4383
Xpr1,4153.142857142857,4170.625,4021.8571428571427
Xrcc5,761.2857142857143,768.875,813.4285714285714
Ybx3,1837.142857142857,1740.25,1603.4285714285713
Yod1,578.8571428571429,579.375,536.4285714285714
Ypel2,2088.4285714285716,2042.875,1573.142857142857
Zap70,18.571428571428573,18.625,25.285714285714285
Zbed6,2175.1428571428573,1986.375,1754.142857142857
Zbtb21,1020.8571428571429,959,768.4285714285714
Zbtb24,738,715.625,734.5714285714286
Zbtb41,1801.7142857142858,1842,1655.2857142857142
Zc3h3,517.1428571428571,492.5,453.42857142857144
Zc3h6,1078.7142857142858,1338.125,1937
Zcchc12,726,891.875,1002.8571428571429
Zdbf2,533.5714285714286,569.875,496.14285714285717
Zdhhc22,231.57142857142858,271.5,246.42857142857142
Zfand2b,408.14285714285717,427.125,404
Zfand6,2671.5714285714284,2740.5,2552
Zfp119b,193.42857142857142,239.75,320.85714285714283
Zfp142,1884.142857142857,1811.875,1751.4285714285713
Zfp219,6033.571428571428,5859,4825.285714285715
Zfp263,1354.5714285714287,1400.75,1447.4285714285713
Zfp335,1492.7142857142858,1521.375,1496.7142857142858
Zfp36,252.42857142857142,209.375,253
Zfp36l1,1388.4285714285713,1425.875,1269.5714285714287
Zfp451,1407.7142857142858,1415.375,1366.7142857142858
Zfp493,187.71428571428572,148.625,99.57142857142857
Zfp579,1021.8571428571429,969.375,725.8571428571429
Zfp598,2552.8571428571427,2535.25,2701.714285714286
Zfp648,3.7142857142857144,4.25,4.285714285714286
Zfp658,862.2857142857143,833,624.7142857142857
Zfp677,173.71428571428572,164.875,137.85714285714286
Zfp810,537,629.125,940.4285714285714
Zfp92,36.857142857142854,43,49
Zfp941,673.8571428571429,770.875,765.5714285714286
Zfyve28,3162.4285714285716,3284.25,3649.5714285714284
Zgrf1,398.57142857142856,450.125,635.5714285714286
Zkscan3,2105.5714285714284,1981.5,1664.4285714285713
Zranb1,6014,6464.25,8187
Zranb3,191.14285714285714,196.75,191.42857142857142
Zscan22,607.4285714285714,534.5,416.42857142857144
Zw10,1546.2857142857142,1555.125,1476.4285714285713
